Algoritmo,Melhor Valor,Valor Médio,Desvio Padrão,Tempo Médio (s),Taxa de Sucesso
GA,2162.4108808622827,2162.410880862283,4.547473508864641e-13,0.5213991483052571,1.0
ACO,2162.4108808622827,2162.410880862283,4.547473508864641e-13,1.688221232096354,1.0
PSO,2140.9477123097313,2100.334743071124,20.018428622043526,0.2634730259577433,1.0
CS,1988.2800341800137,1885.6604469293443,47.164969923383296,0.32857526938120524,1.0
